{
  "bpm": 11, 
  "peaks": [
    [
      0.8086307053941909, 
      1.650954356846473, 
      2.156348547717842 
    ], 
    [
      52935693, 
      52831977, 
      52713770
    ]
  ], 
  "peaks_distances": [
    0.8423236514522822, 
    0.505394190871369
  ], 
  "pulse_wave": [
    [
      0.0, 
      0.01684647302904564
    ], 
    [
      52705787, 
      52822899 
    ]
  ]
}
